group,function,value,sample_time_nanos,iteration_count
random access,,,1082870,268
random access,,,2057101,536
random access,,,2870169,804
random access,,,5287157,1072
random access,,,5159726,1340
random access,,,5852508,1608
random access,,,7359385,1876
random access,,,9211345,2144
random access,,,8908775,2412
random access,,,9736041,2680
random access,,,10599661,2948
random access,,,11531489,3216
random access,,,12564191,3484
random access,,,13480901,3752
random access,,,14604639,4020
random access,,,17464821,4288
random access,,,17801202,4556
random access,,,18776213,4824
random access,,,18806691,5092
random access,,,19316899,5360
random access,,,20246413,5628
random access,,,21273520,5896
random access,,,22147913,6164
random access,,,23164076,6432
random access,,,24235942,6700
random access,,,25385797,6968
random access,,,32420489,7236
random access,,,27860715,7504
random access,,,28690215,7772
random access,,,29050072,8040
random access,,,31685468,8308
random access,,,33034974,8576
random access,,,31928518,8844
random access,,,33506235,9112
random access,,,33891732,9380
random access,,,39457153,9648
random access,,,35597909,9916
random access,,,37140718,10184
random access,,,37743741,10452
random access,,,38883325,10720
random access,,,39559094,10988
random access,,,40714879,11256
random access,,,41547929,11524
random access,,,43445501,11792
random access,,,44184956,12060
random access,,,45334065,12328
random access,,,45238790,12596
random access,,,47887420,12864
random access,,,48784035,13132
random access,,,49237779,13400
random access,,,50413984,13668
random access,,,51019723,13936
random access,,,51614383,14204
random access,,,53418209,14472
random access,,,60034307,14740
random access,,,54037661,15008
random access,,,57458853,15276
random access,,,56967140,15544
random access,,,57123970,15812
random access,,,57865392,16080
random access,,,58888036,16348
random access,,,60245653,16616
random access,,,61325191,16884
random access,,,62000048,17152
random access,,,62663118,17420
random access,,,65603000,17688
random access,,,68596613,17956
random access,,,65706025,18224
random access,,,66595540,18492
random access,,,67831634,18760
random access,,,68780815,19028
random access,,,71046712,19296
random access,,,70574387,19564
random access,,,74497055,19832
random access,,,72551638,20100
random access,,,73663347,20368
random access,,,74220533,20636
random access,,,76532535,20904
random access,,,76397149,21172
random access,,,79512358,21440
random access,,,78741264,21708
random access,,,79329552,21976
random access,,,80500532,22244
random access,,,81496525,22512
random access,,,84208132,22780
random access,,,83338550,23048
random access,,,85251726,23316
random access,,,85136726,23584
random access,,,86499821,23852
random access,,,87653164,24120
random access,,,90488067,24388
random access,,,91485512,24656
random access,,,90338596,24924
random access,,,90712097,25192
random access,,,94590546,25460
random access,,,101489138,25728
random access,,,95345445,25996
random access,,,94897016,26264
random access,,,95788380,26532
random access,,,96342739,26800
